APN (parcel),Site Address (parcel),* Damage
5843002902.0,,Destroyed (>50%)
5759019900.0,,No Damage
5860013013.0,"1720 KINNELOA CANYON RD, PASADENA, CA 91107",No Damage
5759020900.0,,No Damage
5844031900.0,,No Damage
5828009903.0,,No Damage
5835038002.0,"2704 FAIR OAKS AVE, ALTADENA, CA 91001",Destroyed (>50%)
5835038001.0,"20 E MARIPOSA ST, ALTADENA, CA 91001",Destroyed (>50%)
5829005903.0,,No Damage
5829005902.0,,No Damage
5835041028.0,"209 E MARIPOSA ST, ALTADENA, CA 91001",Destroyed (>50%)
5845009900.0,"2050 LAKE AVE, ALTADENA, CA 91001",No Damage
5840017900.0,,No Damage
5832017900.0,"119 E PALM ST, ALTADENA, CA 91001",Destroyed (>50%)
5840020015.0,"536 E MENDOCINO ST, ALTADENA, CA 91001",No Damage
5840020013.0,"508 E MENDOCINO ST, ALTADENA, CA 91001",No Damage
5845008017.0,"2320 LAKE AVE, ALTADENA, CA 91001",Destroyed (>50%)
5845001021.0,"2501 MAIDEN LN, ALTADENA, CA 91001",Destroyed (>50%)
5845001019.0,"1050 E ALTADENA DR, ALTADENA, CA 91001",Destroyed (>50%)
5848037023.0,"945 E WOODBURY RD, PASADENA, CA 91104",No Damage
