APN (parcel),Site Address (parcel),Latitude,Longitude,* Damage
5843002902.0,,34.2045582,-118.1347102,Destroyed (>50%)
5843002902.0,,34.2049512,-118.1349912,Destroyed (>50%)
5843002902.0,,34.2046163,-118.134202,Destroyed (>50%)
5843002902.0,,34.204833,-118.1354057,Destroyed (>50%)
5843002902.0,,34.2044469,-118.1342471,Destroyed (>50%)
5843002902.0,,34.2042442,-118.1343471,Destroyed (>50%)
5759019900.0,,34.1706073,-118.0728839,No Damage
5843002902.0,,34.2045249,-118.1351018,Destroyed (>50%)
5759019900.0,,34.1702533,-118.0726969,No Damage
5759019900.0,,34.1703949,-118.0727395,No Damage
5759019900.0,,34.1709221,-118.0725815,No Damage
5843002902.0,,34.2047659,-118.1347499,Destroyed (>50%)
5759019900.0,,34.1704429,-118.0725255,No Damage
5759019900.0,,34.1709071,-118.0722597,No Damage
5759019900.0,,34.1703801,-118.0729293,No Damage
5759019900.0,,34.1701422,-118.0728739,No Damage
5759019900.0,,34.1706091,-118.0727977,No Damage
5860013013.0,"1720 KINNELOA CANYON RD, PASADENA, CA 91107",34.1745487,-118.0918004,No Damage
5860013013.0,"1720 KINNELOA CANYON RD, PASADENA, CA 91107",34.174679,-118.0919531,No Damage
5759020900.0,,34.1705408,-118.0715962,No Damage
5759020900.0,,34.1708718,-118.0717702,No Damage
5759020900.0,,34.1705292,-118.0720476,No Damage
5860013013.0,"1720 KINNELOA CANYON RD, PASADENA, CA 91107",34.174432,-118.0915872,No Damage
5759019900.0,,34.1711001,-118.072564,No Damage
5759019900.0,,34.170218,-118.0728955,No Damage
5759019900.0,,34.1703193,-118.0727023,No Damage
5843002902.0,,34.2047278,-118.1351575,Destroyed (>50%)
5860013013.0,"1720 KINNELOA CANYON RD, PASADENA, CA 91107",34.1748273,-118.0916727,No Damage
5759019900.0,,34.1700737,-118.0728672,No Damage
5759019900.0,,34.170286,-118.0729257,No Damage
5759019900.0,,34.1706603,-118.0725321,No Damage
5844031900.0,,34.1929487,-118.1123214,No Damage
5828009903.0,,34.1924147,-118.1601516,No Damage
5835038002.0,"2704 FAIR OAKS AVE, ALTADENA, CA 91001",34.1917223,-118.1483622,Destroyed (>50%)
5844031900.0,,34.1929058,-118.1124266,No Damage
5844031900.0,,34.1929211,-118.1121917,No Damage
5828009903.0,,34.1926861,-118.1602695,No Damage
5844031900.0,,34.1925288,-118.1117842,Destroyed (>50%)
5828009903.0,,34.192289,-118.1607614,No Damage
5828009903.0,,34.1926825,-118.1607342,No Damage
5828009903.0,,34.1923734,-118.1597601,No Damage
5844031900.0,,34.1928803,-118.1114977,Destroyed (>50%)
5828009903.0,,34.1925105,-118.1604658,No Damage
5835038001.0,"20 E MARIPOSA ST, ALTADENA, CA 91001",34.19184,-118.1481808,Destroyed (>50%)
5844031900.0,,34.1920724,-118.1115749,Destroyed (>50%)
5828009903.0,,34.1923296,-118.1604445,No Damage
5828009903.0,,34.1919632,-118.1608706,No Damage
5844031900.0,,34.192867,-118.1123232,No Damage
5844031900.0,,34.1923112,-118.111674,No Damage
5844031900.0,,34.1919921,-118.1120353,Destroyed (>50%)
5844031900.0,,34.1930541,-118.1117322,Destroyed (>50%)
5828009903.0,,34.1924284,-118.1608413,No Damage
5828009903.0,,34.1919175,-118.1602062,Destroyed (>50%)
5844031900.0,,34.1927264,-118.111898,Destroyed (>50%)
5844031900.0,,34.192684,-118.111361,Destroyed (>50%)
5829005903.0,,34.1995083,-118.1614135,No Damage
5829005902.0,,34.1999513,-118.1602791,No Damage
5829005903.0,,34.1996306,-118.1615587,No Damage
5829005902.0,,34.1996345,-118.1605222,No Damage
5829005902.0,,34.1997971,-118.1603583,No Damage
5829005903.0,,34.1993046,-118.1610219,No Damage
5829005903.0,,34.1997646,-118.1609383,No Damage
5829005903.0,,34.2000954,-118.1610861,No Damage
5829005903.0,,34.1999012,-118.1611753,No Damage
5829005903.0,,34.1995835,-118.1610315,No Damage
5829005902.0,,34.1998748,-118.1603128,No Damage
5829005902.0,,34.1992868,-118.1607251,No Damage
5829005903.0,,34.1998278,-118.1612043,No Damage
5829005903.0,,34.1999978,-118.1611426,No Damage
5829005902.0,,34.1994397,-118.1606027,No Damage
5835041028.0,"209 E MARIPOSA ST, ALTADENA, CA 91001",34.1934721,-118.1444937,Destroyed (>50%)
5835041028.0,"209 E MARIPOSA ST, ALTADENA, CA 91001",34.1921107,-118.1449668,Destroyed (>50%)
5835041028.0,"209 E MARIPOSA ST, ALTADENA, CA 91001",34.1932792,-118.1444611,Destroyed (>50%)
5835041028.0,"209 E MARIPOSA ST, ALTADENA, CA 91001",34.1922207,-118.1448422,Destroyed (>50%)
5835041028.0,"209 E MARIPOSA ST, ALTADENA, CA 91001",34.1935153,-118.1446918,Destroyed (>50%)
5835041028.0,"209 E MARIPOSA ST, ALTADENA, CA 91001",34.1916844,-118.1452248,Destroyed (>50%)
5835041028.0,"209 E MARIPOSA ST, ALTADENA, CA 91001",34.1933111,-118.1441202,Destroyed (>50%)
5835041028.0,"209 E MARIPOSA ST, ALTADENA, CA 91001",34.1922938,-118.1449847,Destroyed (>50%)
5835041028.0,"209 E MARIPOSA ST, ALTADENA, CA 91001",34.1931416,-118.1445571,Destroyed (>50%)
5835041028.0,"209 E MARIPOSA ST, ALTADENA, CA 91001",34.1927183,-118.1448171,Destroyed (>50%)
5835041028.0,"209 E MARIPOSA ST, ALTADENA, CA 91001",34.1929076,-118.1450706,Destroyed (>50%)
5845009900.0,"2050 LAKE AVE, ALTADENA, CA 91001",34.1837188,-118.1294871,No Damage
5840017900.0,,34.18572,-118.1355341,No Damage
5845009900.0,"2050 LAKE AVE, ALTADENA, CA 91001",34.1835511,-118.1298117,No Damage
5840017900.0,,34.1851755,-118.1350526,No Damage
5840017900.0,,34.1856446,-118.1356962,No Damage
5845009900.0,"2050 LAKE AVE, ALTADENA, CA 91001",34.1823607,-118.1309709,Affected (>0-10%)
5840017900.0,,34.1857413,-118.1356227,No Damage
5845009900.0,"2050 LAKE AVE, ALTADENA, CA 91001",34.1835725,-118.1301955,No Damage
5845009900.0,"2050 LAKE AVE, ALTADENA, CA 91001",34.1831797,-118.1307971,Major (25-50%)
5845009900.0,"2050 LAKE AVE, ALTADENA, CA 91001",34.1830213,-118.1301105,No Damage
5840017900.0,,34.1856821,-118.1354477,No Damage
5845009900.0,"2050 LAKE AVE, ALTADENA, CA 91001",34.182651,-118.1305425,No Damage
5845009900.0,"2050 LAKE AVE, ALTADENA, CA 91001",34.1822345,-118.130958,No Damage
5840017900.0,,34.1855857,-118.1355186,No Damage
5832017900.0,"119 E PALM ST, ALTADENA, CA 91001",34.1986229,-118.1489983,Destroyed (>50%)
5840020015.0,"536 E MENDOCINO ST, ALTADENA, CA 91001",34.1875465,-118.138487,No Damage
5840020015.0,"536 E MENDOCINO ST, ALTADENA, CA 91001",34.1870045,-118.1385758,No Damage
5832017900.0,"119 E PALM ST, ALTADENA, CA 91001",34.1975966,-118.1484519,Affected (>0-10%)
5832017900.0,"119 E PALM ST, ALTADENA, CA 91001",34.197704,-118.1493227,Destroyed (>50%)
5832017900.0,"119 E PALM ST, ALTADENA, CA 91001",34.1980937,-118.1491263,Destroyed (>50%)
5840020013.0,"508 E MENDOCINO ST, ALTADENA, CA 91001",34.1873962,-118.1395756,No Damage
5840020015.0,"536 E MENDOCINO ST, ALTADENA, CA 91001",34.1873746,-118.1383467,No Damage
5840020015.0,"536 E MENDOCINO ST, ALTADENA, CA 91001",34.187219,-118.1383992,No Damage
5832017900.0,"119 E PALM ST, ALTADENA, CA 91001",34.1977915,-118.1490069,No Damage
5832017900.0,"119 E PALM ST, ALTADENA, CA 91001",34.1984393,-118.1491032,Destroyed (>50%)
5840020013.0,"508 E MENDOCINO ST, ALTADENA, CA 91001",34.1877702,-118.139291,No Damage
5845008017.0,"2320 LAKE AVE, ALTADENA, CA 91001",34.1855964,-118.1308801,Destroyed (>50%)
5832017900.0,"119 E PALM ST, ALTADENA, CA 91001",34.1977358,-118.1488784,Destroyed (>50%)
5845001021.0,"2501 MAIDEN LN, ALTADENA, CA 91001",34.1890351,-118.1291439,Destroyed (>50%)
5845001019.0,"1050 E ALTADENA DR, ALTADENA, CA 91001",34.1898787,-118.1290379,Destroyed (>50%)
5845001019.0,"1050 E ALTADENA DR, ALTADENA, CA 91001",34.1892266,-118.1300029,No Damage
5845001019.0,"1050 E ALTADENA DR, ALTADENA, CA 91001",34.1897656,-118.1288449,Destroyed (>50%)
5845001019.0,"1050 E ALTADENA DR, ALTADENA, CA 91001",34.1900352,-118.1300215,Destroyed (>50%)
5845001019.0,"1050 E ALTADENA DR, ALTADENA, CA 91001",34.190121,-118.129176,Destroyed (>50%)
5845001019.0,"1050 E ALTADENA DR, ALTADENA, CA 91001",34.1900362,-118.1289162,Destroyed (>50%)
5845001019.0,"1050 E ALTADENA DR, ALTADENA, CA 91001",34.189736,-118.1290219,Destroyed (>50%)
5845001019.0,"1050 E ALTADENA DR, ALTADENA, CA 91001",34.1898559,-118.1298893,Destroyed (>50%)
5845001021.0,"2501 MAIDEN LN, ALTADENA, CA 91001",34.1892581,-118.1293579,Destroyed (>50%)
5845001019.0,"1050 E ALTADENA DR, ALTADENA, CA 91001",34.1899502,-118.1292972,Destroyed (>50%)
5848037023.0,"945 E WOODBURY RD, PASADENA, CA 91104",34.1773518,-118.131514,No Damage
5848037023.0,"945 E WOODBURY RD, PASADENA, CA 91104",34.1777286,-118.1314592,No Damage
5848037023.0,"945 E WOODBURY RD, PASADENA, CA 91104",34.1777074,-118.1309754,No Damage
