ObjectID,Category1,Category2,Category3,Name,Label,Address Line 1,Address Line 2,City,State,ZIP Code,Organization,Source,Source ID,Source Date,Latitude,Longitude,Enrollment,Label Class,Last Update,x,y,geometry,index_right,OBJECTID,type,Shape__Are,Shape__Len,Shape__Area,Shape__Length
5020,Education,Elementary-High Combination Schools,Charter Schools,Aveson Global Leadership Academy,Aveson Global Leadership Academy,575 West Altadena Drive,,Altadena,CA,91001-4203,Pasadena Unified,"California Department of Education (CDE): https://www.cde.ca.gov/schooldirectory/ (school listing), and https://lacounty.maps.arcgis.com/home/item.html?id=61a4260e68b14a5ab91daf27d4415e7d (enrollment and improved location accuracy)",19648810113464,10/21/2024,34.19850488,-118.15845218,207.0,Charter Schools,3/10/2025 12:00:00 AM,6513757.17938598,1894657.81594756,POINT (-118.15845218 34.19850488),17,18,Heat Perimeter,83147794.6757,97603.985675,610661066.0195312,264503.31160214887
5021,Education,Elementary Schools,Charter Schools,Aveson School of Leaders,Aveson School of Leaders,1919 East Pinecrest Drive,,Altadena,CA,91001-2116,Pasadena Unified,"California Department of Education (CDE): https://www.cde.ca.gov/schooldirectory/ (school listing), and https://lacounty.maps.arcgis.com/home/item.html?id=61a4260e68b14a5ab91daf27d4415e7d (enrollment and improved location accuracy)",19648810113472,10/21/2024,34.19198088,-118.11196718,334.0,Charter Schools,3/10/2025 12:00:00 AM,6527810.77759105,1892264.70885715,POINT (-118.11196718 34.19198088),17,18,Heat Perimeter,83147794.6757,97603.985675,610661066.0195312,264503.31160214887
5022,Education,Elementary Schools,Charter Schools,Pasadena Rosebud Academy,Pasadena Rosebud Academy,3700 Denair St,,Pasadena,CA,91107-1303,Pasadena Unified,"California Department of Education (CDE): https://www.cde.ca.gov/schooldirectory/ (school listing), and https://lacounty.maps.arcgis.com/home/item.html?id=61a4260e68b14a5ab91daf27d4415e7d (enrollment and improved location accuracy)",19648810113894,3/7/2025,34.20495388,-118.13502818,144.0,Charter Schools,3/10/2025 12:00:00 AM,6520843.33450498,1896994.38148439,POINT (-118.13502818 34.20495388),17,18,Heat Perimeter,83147794.6757,97603.985675,610661066.0195312,264503.31160214887
5027,Education,Elementary Schools,Charter Schools,OCS - South,OCS - South,119 West Palm Street,,Altadena,CA,91001-4375,Pasadena Unified,"California Department of Education (CDE): https://www.cde.ca.gov/schooldirectory/ (school listing), and https://lacounty.maps.arcgis.com/home/item.html?id=61a4260e68b14a5ab91daf27d4415e7d (enrollment and improved location accuracy)",19648810136945,8/16/2023,34.19768488,-118.14866218,370.0,Charter Schools,3/10/2025 12:00:00 AM,6516717.06027722,1894354.88118598,POINT (-118.14866218 34.19768488),17,18,Heat Perimeter,83147794.6757,97603.985675,610661066.0195312,264503.31160214887
5046,Education,Intermediate/Middle/Junior High Schools,Public Schools,Charles W. Eliot Middle,Charles W. Eliot Middle,2184 North Lake Avenue,,Altadena,CA,91001-2443,Pasadena Unified,"California Department of Education (CDE): https://www.cde.ca.gov/schooldirectory/ (school listing), and https://lacounty.maps.arcgis.com/home/item.html?id=61a4260e68b14a5ab91daf27d4415e7d (enrollment and improved location accuracy)",19648816058465,7/2/2024,34.18303488,-118.13015918,395.0,Public Schools,3/10/2025 12:00:00 AM,6522305.19181748,1889015.72585382,POINT (-118.13015918 34.18303488),17,18,Heat Perimeter,83147794.6757,97603.985675,610661066.0195312,264503.31160214887
6246,Education,Elementary Schools,Private Schools,Oak Knoll Montessori School,Oak Knoll Montessori School,3544 N Canon Bl,,Altadena,CA,91001-4008,Pasadena Unified,https://www.cde.ca.gov/ds/si/ps/ - Private School Detailed Affidavits,19648816136139,,34.204542,-118.135119,54.0,Private Schools,3/10/2025 12:00:00 AM,6520815.67281489,1896844.52810957,POINT (-118.135119 34.204542),17,18,Heat Perimeter,83147794.6757,97603.985675,610661066.0195312,264503.31160214887
6250,Education,Elementary Schools,Private Schools,Fair Oaks School,Fair Oaks School,2704 N Fair Oaks Ave,,Altadena,CA,91001-5072,Pasadena Unified,https://www.cde.ca.gov/ds/si/ps/ - Private School Detailed Affidavits,19648816166581,,34.191688,-118.148314,35.0,Private Schools,3/10/2025 12:00:00 AM,6516819.12470564,1892172.35503922,POINT (-118.148314 34.191688),17,18,Heat Perimeter,83147794.6757,97603.985675,610661066.0195312,264503.31160214887
6254,Education,Elementary-High Combination Schools,Private Schools,Sahag-Mesrob Armenian Christian School,Sahag-Mesrob Armenian Christian School,2501 N. Maiden Ln.,,Altadena,CA,91001-2060,Pasadena Unified,https://www.cde.ca.gov/ds/si/ps/ - Private School Detailed Affidavits,19648816912976,,34.189348,-118.129252,131.0,Private Schools,3/10/2025 12:00:00 AM,6522582.51212896,1891312.82854307,POINT (-118.129252 34.189348),17,18,Heat Perimeter,83147794.6757,97603.985675,610661066.0195312,264503.31160214887
6255,Education,Elementary Schools,Private Schools,Pasadena Waldorf School,Pasadena Waldorf School,209 East Mariposa St.,,Altadena,CA,91001-5133,Pasadena Unified,https://www.cde.ca.gov/ds/si/ps/ - Private School Detailed Affidavits,19648816916571,,34.192511,-118.144831,209.0,Private Schools,3/10/2025 12:00:00 AM,6517872.83978981,1892470.32327531,POINT (-118.144831 34.192511),17,18,Heat Perimeter,83147794.6757,97603.985675,610661066.0195312,264503.31160214887
6274,Education,Elementary Schools,Private Schools,Saint Mark's School,Saint Mark's School,1050 E. Altadena Dr.,,Altadena,CA,91001-2041,Pasadena Unified,https://www.cde.ca.gov/ds/si/ps/ - Private School Detailed Affidavits,19648816982805,,34.189991,-118.129321,226.0,Private Schools,3/10/2025 12:00:00 AM,6522561.94622523,1891546.85464981,POINT (-118.129321 34.189991),17,18,Heat Perimeter,83147794.6757,97603.985675,610661066.0195312,264503.31160214887
