school_name,enrollment,census_tract,match_method
Aveson Global Leadership Academy,207.0,,parcel match + enrollment (CDE x CAL FIRE DINS)
Aveson School of Leaders,334.0,,parcel match + enrollment (CDE x CAL FIRE DINS)
Pasadena Rosebud Academy,144.0,,parcel match + enrollment (CDE x CAL FIRE DINS)
OCS - South,370.0,,parcel match + enrollment (CDE x CAL FIRE DINS)
Charles W. Eliot Middle,395.0,,parcel match + enrollment (CDE x CAL FIRE DINS)
Oak Knoll Montessori School,54.0,,parcel match + enrollment (CDE x CAL FIRE DINS)
Fair Oaks School,35.0,,parcel match + enrollment (CDE x CAL FIRE DINS)
Sahag-Mesrob Armenian Christian School,131.0,,parcel match + enrollment (CDE x CAL FIRE DINS)
Pasadena Waldorf School,209.0,,parcel match + enrollment (CDE x CAL FIRE DINS)
Saint Mark's School,226.0,,parcel match + enrollment (CDE x CAL FIRE DINS)
