OBJECTID,GLOBALID,* Damage,* Structure Type,* Street Number,* Street Name,"* Street Type (e.g. road, drive, lane, etc.)","Street Suffix (e.g. apt. 23, blding C)",* City,State,Zip Code,* CAL FIRE Unit,County,Community,Battalion,* Incident Name,Incident Number (e.g. CAAEU 123456),Incident Start Date,Hazard Type,If Affected - Where did fire start?,If Affected - What started fire?,Structure Defense Actions Taken,Structure Category,# Units in Structure (if multi unit),# of Damaged Outbuildings < 120 SQFT,# of Non Damaged Outbuildings < 120 SQFT,# of Damaged or Destroyed Cars on Property,* Roof Construction,* Eaves,* Vent Screen,* Exterior Siding,* Window Pane,* Deck/Porch On Grade,* Deck/Porch Elevated,* Patio Cover/Carport Attached to Structure,* Fence Attached to Structure,Distance - Propane Tank to Structure,Distance - Residence to Utility/Misc Structure &gt; 120 SQFT,Fire Name (Secondary),APN (parcel),Year Built (parcel),Site Address (parcel),Latitude,Longitude,x,y
277342,b7d57844-2ed0-40ce-9351-84d5175b98f7,Inaccessible,Single Family Residence Multi Story,3923.0,Skycrest,Drive,,Pasadena,CA,91103.0,LAC,Los Angeles,Pasadena,,Eaton,CALAC 009087,1/7/2025 12:00:00 AM,Fire,,,,Single Residence,0.0,0.0,0.0,0.0,Tile,Unenclosed,Unknown,Stucco Brick Cement,Single Pane,Unknown,Wood,No Patio Cover/Carport,Non Combustible,,,,5760026022.0,0.0,"735 N ORANGE GROVE BLVD UNIT 107, PASADENA, CA 91103",34.1739066,-118.066606,178211.55876932,-425058.38052622
278464,aa35f2aa-41e5-4b67-a3a2-5e7e13dfc5a4,Inaccessible,Single Family Residence Single Story,1230.0,Wynn,Road,,Pasadena,CA,91107.0,LAC,Los Angeles,,,Eaton,CALAC 009087,1/7/2025 12:00:00 AM,Fire,,,,Single Residence,0.0,0.0,0.0,0.0,Unknown,Unknown,Unknown,Unknown,Unknown,Unknown,Unknown,Unknown,Unknown,,,,5860029008.0,1956.0,"1230 WYNN RD, PASADENA, CA 91107",34.1673248,-118.0814328,176859.864059983,-425816.193977755
280415,0447fba0-d853-4e34-bb3d-9e33e47e2631,Inaccessible,Single Family Residence Single Story,768.0,Florecita,Lane,blding A,Altadena,CA,91001.0,LAC,Los Angeles,,,Eaton,CALAC 009087,1/7/2025 12:00:00 AM,Fire,,,Unknown,Single Residence,0.0,0.0,0.0,0.0,Unknown,Unknown,Unknown,Unknown,Unknown,Unknown,Unknown,Unknown,Unknown,,<30',,5829003009.0,1949.0,"768 FLORECITA LN, ALTADENA, CA 91001",34.2009455,-118.1614835,169409.18475412,-422233.080926511
280502,d4b0048c-1d91-4320-bc3a-a7d15272cdf2,Inaccessible,Utility Misc Structure,768.0,Florecita,Lane,blding B,Altadena,CA,91001.0,LAC,Los Angeles,,,Eaton,CALAC 009087,1/7/2025 12:00:00 AM,Fire,,,Unknown,Other Minor Structure,0.0,0.0,0.0,0.0,Unknown,Unknown,Unknown,Unknown,Unknown,Unknown,Unknown,Unknown,Unknown,,<30',,5829003009.0,1949.0,"768 FLORECITA LN, ALTADENA, CA 91001",34.2008092,-118.1614597,169411.674002504,-422248.159761056
280614,e49c89b2-4942-4774-a942-e82f4343ab00,Inaccessible,Single Family Residence Single Story,3455.0,Rubio Crest,Drive,,Altadena,CA,91001.0,LAC,Los Angeles,Altadena ,,Eaton,CALAC 009087,1/7/2025 12:00:00 AM,Fire,,,,Single Residence,0.0,0.0,0.0,0.0,Unknown,Unknown,Unknown,Unknown,Unknown,Unknown,Unknown,Unknown,Unknown,,,,5843029005.0,1965.0,"3455 RUBIO CREST DR, ALTADENA, CA 91001",34.2018788,-118.1257489,172699.436369595,-422065.081322942
281113,00ec65e3-5a1d-4656-b547-f5ca3bb637e0,Inaccessible,Single Family Residence Single Story,3335.0,Florecita,Drive,,Altadena,CA,91001.0,LAC,Los Angeles,,,Eaton,CALAC 009087,1/7/2025 12:00:00 AM,Fire,,,Unknown,Single Residence,0.0,0.0,0.0,0.0,Unknown,Unknown,Unknown,Unknown,Unknown,Unknown,Unknown,Unknown,Unknown,,,,5830006017.0,1953.0,"3335 FLORECITA DR, ALTADENA, CA 91001",34.202457,-118.162835,169281.424416271,-422067.830705965
282563,31eb514e-e587-452f-aacb-8a3e4982795e,Inaccessible,Single Family Residence Single Story,1134.0,Bella Vista,Avenue,blding A,Pasadena,CA,91107.0,LAC,Los Angeles,,,Eaton,CALAC 009087,1/7/2025 12:00:00 AM,Fire,,,,Single Residence,0.0,0.0,0.0,0.0,Asphalt,Enclosed,No Vents,Stucco Brick Cement,Multi Pane,Masonry/Concrete,Masonry/Concrete,Combustible,Combustible,,,,5751011007.0,1937.0,"1134 BELLA VISTA AVE, PASADENA, CA 91107",34.1657666,-118.095843,175535.139177912,-426015.807949392
283464,3d559f67-36e8-428e-bce0-69e9c1a908e9,Inaccessible,Utility Misc Structure,1110.0,Bella Vista ,Avenue,blding B ,Pasadena,CA,91107.0,LAC,Los Angeles,,,Eaton,CALAC 009087,1/7/2025 12:00:00 AM,Fire,,,,Other Minor Structure,0.0,0.0,0.0,0.0,Tile,No Eaves,Unknown,Stucco Brick Cement,Unknown,No Deck/Porch,No Deck/Porch,No Patio Cover/Carport,No Fence,,,,5751011010.0,1927.0,"1110 BELLA VISTA AVE, PASADENA, CA 91107",34.165328,-118.0956885,175550.356540181,-426064.179626858
283804,5e474c3e-41b0-4c13-8476-123c2df06718,Inaccessible,Utility Misc Structure,1134.0,Bella Vista,Avenue,blding B ,Pasadena,CA,91107.0,LAC,Los Angeles,,,Eaton,CALAC 009087,1/7/2025 12:00:00 AM,Fire,,,,Other Minor Structure,0.0,0.0,0.0,0.0,Asphalt,Enclosed,Unknown,Stucco Brick Cement,Unknown,Unknown,Unknown,Unknown,Non Combustible,,,,5751011007.0,1937.0,"1134 BELLA VISTA AVE, PASADENA, CA 91107",34.1658204,-118.0956692,175551.042963779,-426009.523507282
283862,98cf286f-ff1f-4fac-a2fd-e01cfdf5de68,Inaccessible,Single Family Residence Single Story,1110.0,Bella Vista,Avenue,blding A,Pasadena,CA,91107.0,LAC,Los Angeles,,,Eaton,CALAC 009087,1/7/2025 12:00:00 AM,Fire,,,,Single Residence,0.0,0.0,0.0,0.0,Tile,Unenclosed,"Mesh Screen <= 1/8""""",Stucco Brick Cement,Multi Pane,Masonry/Concrete,No Deck/Porch,Combustible,Combustible,,,,5751011010.0,1927.0,"1110 BELLA VISTA AVE, PASADENA, CA 91107",34.1653679,-118.0958435,175535.980262813,-426060.034710376
286534,e808778b-928d-4f37-b770-f245c2b1bd43,Inaccessible,Single Family Residence Single Story,3990.0,N Fair Oaks,Avenue,blding F,Altadena,CA,91001.0,LAC,Los Angeles,,,Eaton,CALAC 009087,1/7/2025 12:00:00 AM,Fire,,,,Single Residence,0.0,0.0,0.0,0.0,Unknown,Unknown,Unknown,Unknown,Unknown,Unknown,Unknown,Unknown,Unknown,,,,5862010005.0,1949.0,"4010 FAIR OAKS AVE, ALTADENA, CA 91001",34.2110786,-118.1387479,171481.797316951,-421068.176655298
286740,685fb17d-4d60-4172-bf6b-88c685847d02,Inaccessible,Single Family Residence Multi Story,3990.0,N Fair Oaks,Avenue,blding G,Altadena,CA,91001.0,LAC,Los Angeles,,,Eaton,CALAC 009087,1/7/2025 12:00:00 AM,Fire,,,,Single Residence,0.0,0.0,0.0,0.0,Unknown,Unknown,Unknown,Unknown,Unknown,Unknown,Unknown,Unknown,Unknown,,,,5862012022.0,1942.0,"237 TAOS RD, ALTADENA, CA 91001",34.208956,-118.138951,171467.709628484,-421303.998821
286937,1b77c6a9-bf9c-4b71-9aa3-00f243f4a085,Inaccessible,Single Family Residence Single Story,3990.0,N Fair Oaks,Avenue,blding H,Altadena,CA,91001.0,LAC,Los Angeles,,,Eaton,CALAC 009087,1/7/2025 12:00:00 AM,Fire,,,,Single Residence,0.0,0.0,0.0,0.0,Unknown,Unknown,Unknown,Unknown,Unknown,Unknown,Unknown,Unknown,Unknown,,,,5862012022.0,1942.0,"237 TAOS RD, ALTADENA, CA 91001",34.2090429,-118.1387648,171484.669810029,-421294.0240555
287818,7aff94fe-ad9f-4b72-900e-dbea760608a1,Inaccessible,Single Family Residence Single Story,3990.0,N Fair Oaks,Avenue,blding E,Altadena,CA,91001.0,LAC,Los Angeles,,,Eaton,CALAC 009087,1/7/2025 12:00:00 AM,Fire,,,,Single Residence,0.0,0.0,0.0,0.0,Unknown,Unknown,Unknown,Unknown,Unknown,Unknown,Unknown,Unknown,Unknown,,,,5862010003.0,1949.0,"4000 FAIR OAKS AVE, ALTADENA, CA 91001",34.2110736,-118.1394793,171414.432208686,-421070.060620394
291263,deb2f146-af7c-4e05-a5a5-589595e3132c,Inaccessible,Single Family Residence Multi Story,3907.0,Old Toll,Road,,Altadena,CA,91001.0,LAC,Los Angeles,,,Eaton,CALAC 009087,1/7/2025 12:00:00 AM,Fire,,,,Single Residence,0.0,0.0,0.0,0.0,Unknown,Unknown,Unknown,Unknown,Unknown,Unknown,Unknown,Unknown,Unknown,,,,5863031008,1998.0,"3907 OLD TOLL RD, ALTADENA, CA 91001",34.2127177,-118.1587813,169632.786449041,-420922.398111122
292013,4833e273-3eb2-46f9-b584-caf894f956eb,Inaccessible,Single Family Residence Multi Story,1401.0,Valencia ,Avenue,,Pasadena,CA,91104.0,LAC,Los Angeles,,,Eaton,CALAC 009087,1/7/2025 12:00:00 AM,Fire,,,,Single Residence,0.0,0.0,0.0,0.0,Asphalt,Unknown,Unknown,Unknown,Unknown,Unknown,Unknown,Unknown,Unknown,,,,5853020008,1996.0,"1401 VALENCIA AVE, PASADENA, CA 91104",34.1702454,-118.0997502,175165.043841953,-425526.247739624
292141,76f6c657-3c0e-4523-b059-ef56b4ba5744,Inaccessible,Utility Misc Structure,527.0,Mountain View,Street,,Altadena,CA,91001.0,LAC,Los Angeles,,,Eaton,CALAC 009087,1/7/2025 12:00:00 AM,Fire,,,,Other Minor Structure,0.0,0.0,0.0,0.0,Unknown,Unknown,Unknown,Unknown,Unknown,Unknown,Unknown,Unknown,Unknown,,,,5828015008,1927.0,"527 MOUNTAIN VIEW ST, ALTADENA, CA 91001",34.1911072,-118.1608216,169491.341025913,-423323.214941245
292172,54229b85-347d-4666-9e70-bc139a26cb08,Inaccessible,Single Family Residence Multi Story,726.0,Millard Canyon,Road,,Altadena,CA,91001.0,LAC,Los Angeles,,,Eaton,CALAC 009087,1/7/2025 12:00:00 AM,Fire,,,,Single Residence,0.0,0.0,0.0,0.0,Tile,Unenclosed,"Mesh Screen > 1/8""""",Stucco Brick Cement,Multi Pane,Masonry/Concrete,Unknown,Unknown,Combustible,,,,5863026034,1998.0,"726 MILLARD CANYON RD, ALTADENA, CA 91001",34.2099498,-118.1577834,169730.679750102,-421227.645140458
292310,a82a380e-2cde-4412-9630-ab9c7ce74e57,Inaccessible,Single Family Residence Single Story,3273.0,Lincoln,Avenue,blding B,Altadena,CA,91001.0,LAC,Los Angeles,,,Eaton,CALAC 009087,1/7/2025 12:00:00 AM,Fire,,,,Single Residence,0.0,0.0,0.0,0.0,Unknown,Unknown,Unknown,Unknown,Unknown,Unknown,Unknown,Unknown,Unknown,,,,5829005015,1958.0,"3273 LINCOLN AVE, ALTADENA, CA 91001",34.2017234,-118.1597473,169567.476685486,-422143.690479137
292356,877f3000-fb57-44fe-9783-9ab128bc05db,Inaccessible,Single Family Residence Multi Story,2258.0,Midlothian,Drive,blding A,Altadena,CA,91001.0,LAC,Los Angeles,,,Eaton,CALAC 009087,1/7/2025 12:00:00 AM,Fire,,,,Single Residence,0.0,0.0,0.0,0.0,Unknown,Unknown,Unknown,Unknown,Unknown,Unknown,Unknown,Unknown,Unknown,,,,5857028006,1930.0,"2258 MIDLOTHIAN DR, ALTADENA, CA 91001",34.184124,-118.1071402,174453.193116385,-424000.439463194
292357,5d42d1ed-a82f-440c-838a-37d4de77f4ff,Inaccessible,Utility Misc Structure,2258.0,Midlothian,Drive,blding B,Altadena,CA,91001.0,LAC,Los Angeles,,,Eaton,CALAC 009087,1/7/2025 12:00:00 AM,Fire,,,,Other Minor Structure,0.0,0.0,0.0,0.0,Unknown,Unknown,Unknown,Unknown,Unknown,Unknown,Unknown,Unknown,Unknown,,,,5857028006,1930.0,"2258 MIDLOTHIAN DR, ALTADENA, CA 91001",34.1840239,-118.1068276,174482.219351114,-424010.970682858
292596,e2998088-8e78-4b48-bc7b-a34e72a9f411,Inaccessible,Single Family Residence Multi Story,2199.0,Kinneloa Ranch ,Road,,Pasadena,CA,91107.0,LAC,Los Angeles,,,Eaton,CALAC 009087,1/7/2025 12:00:00 AM,Fire,,,,Single Residence,0.0,0.0,0.0,0.0,Unknown,Unknown,Unknown,Unknown,Unknown,Unknown,Unknown,Unknown,Unknown,,,,5760004016,1970.0,"2199 KINNELOA RANCH RD, PASADENA, CA 91107",34.1806269,-118.0802003,176943.580577431,-424338.422296578
292776,0d20d3a2-6b51-4842-b2d9-28b3e5e1cc05,Inaccessible,Single Family Residence Single Story,718.0,Millard Canyon,Road,,Altadena,CA,91001.0,LAC,Los Angeles,,,Eaton,CALAC 009087,1/7/2025 12:00:00 AM,Fire,,,,Single Residence,0.0,0.0,0.0,0.0,Tile,Unenclosed,"Mesh Screen > 1/8""""",Stucco Brick Cement,Multi Pane,Masonry/Concrete,Unknown,Unknown,Combustible,,,,5863026033,1998.0,"718 MILLARD CANYON RD, ALTADENA, CA 91001",34.209834,-118.1576434,169743.822898527,-421240.242065208
293549,165b7c79-98aa-45cb-83c8-7aebe74cfd6a,Inaccessible,Utility Misc Structure,2758.0,Tola,Avenue,blding B,Altadena,CA,91001.0,LAC,Los Angeles,,,Eaton,CALAC 009087,1/7/2025 12:00:00 AM,Fire,,,,Other Minor Structure,0.0,0.0,0.0,0.0,Unknown,Unknown,Unknown,Unknown,Unknown,Unknown,Unknown,Unknown,Unknown,,,,5828010023,1913.0,"2758 TOLA AVE, ALTADENA, CA 91001",34.1927094,-118.1612539,169448.058499831,-423146.255433345
293622,29f9d092-6d56-40e6-8f18-531ec58bf8f6,Inaccessible,Single Family Residence Multi Story,669.0,Sturdivant,Drive,,Sierra Madre,CA,91024.0,LAC,Los Angeles,,,Eaton,CALAC 009087,1/7/2025 12:00:00 AM,Fire,,,,Single Residence,0.0,0.0,0.0,0.0,Unknown,Unknown,Unknown,Unknown,Unknown,Unknown,Unknown,Unknown,Unknown,,,,5764024021,1926.0,"669 STURTEVANT DR, SIERRA MADRE, CA 91024",34.1706577,-118.0410395,180575.257511144,-425370.365618631
293842,16aa5995-b3fc-4bdd-a4ad-dfc66cb8d9b7,Inaccessible,Single Family Residence Single Story,2758.0,Tola ,Avenue,blding A,Altadena,CA,91001.0,LAC,Los Angeles,,,Eaton,CALAC 009087,1/7/2025 12:00:00 AM,Fire,,,,Single Residence,0.0,0.0,0.0,0.0,Unknown,Unknown,Unknown,Unknown,Single Pane,Unknown,Unknown,Unknown,Unknown,,,,5828010023,1913.0,"2758 TOLA AVE, ALTADENA, CA 91001",34.1928425,-118.1616359,169412.579538436,-423132.178225908
293843,0580ca0b-cb44-4a41-aec9-6eb546071a7d,Inaccessible,Single Family Residence Single Story,3273.0,Lincoln,Avenue,blding A,Altadena,CA,91001.0,LAC,Los Angeles,,,Eaton,CALAC 009087,1/7/2025 12:00:00 AM,Fire,,,Unknown,Single Residence,0.0,0.0,0.0,0.0,Unknown,Unknown,Unknown,Unknown,Unknown,Unknown,Unknown,Unknown,Unknown,,,,5829005015,1958.0,"3273 LINCOLN AVE, ALTADENA, CA 91001",34.2017685,-118.1594998,169590.181443443,-422138.237126078
293982,55d8cfc6-1ef8-43ca-acd9-d528ed278c09,Inaccessible,Utility Misc Structure,249.0,Auburn ,Avenue,,Sierra Madre,CA,91024.0,LAC,Los Angeles,,,Eaton,CALAC 009087,1/7/2025 12:00:00 AM,Fire,,,,Other Minor Structure,0.0,0.0,0.0,0.0,Unknown,Unknown,Unknown,Unknown,Unknown,Unknown,Unknown,Unknown,Unknown,,,,5767001007,1946.0,"249 AUBURN AVE, SIERRA MADRE, CA 91024",34.1661137,-118.0556928,179235.064742683,-425902.195249129
294072,1bfe6b13-f844-4ed7-9fe2-2e73cd848bb4,Inaccessible,Single Family Residence Multi Story,82.0,Alegria ,Avenue,blding A,Sierra Madre,CA,91024.0,LAC,Los Angeles,,,Eaton,CALAC 009087,1/7/2025 12:00:00 AM,Fire,,,,Single Residence,0.0,0.0,0.0,0.0,Unknown,Unknown,Unknown,Unknown,Unknown,Unknown,Unknown,Unknown,Unknown,,,,5762020025,1936.0,"82 W ALEGRIA AVE, SIERRA MADRE, CA 91024",34.1675719,-118.0544445,179346.802723015,-425738.083989976
294130,26e259d6-7f3d-4bea-9375-e098ccd40bfb,Inaccessible,Single Family Residence Single Story,324.0,Auburn,Avenue,,Sierra Madre,CA,91024.0,LAC,Los Angeles,,,Eaton,CALAC 009087,1/7/2025 12:00:00 AM,Fire,,,,Single Residence,0.0,0.0,0.0,0.0,Unknown,Unknown,Unknown,Unknown,Unknown,Unknown,Unknown,Unknown,Unknown,,,,5762020031,1960.0,"324 AUBURN AVE, SIERRA MADRE, CA 91024",34.1673743,-118.0547367,179320.326411521,-425760.555793053
294159,ba9913fb-0853-46e8-b52f-eb3587b2673d,Inaccessible,Single Family Residence Single Story,1722.0,Coolidge,Avenue,,Altadena,CA,91001.0,LAC,Los Angeles,,,Eaton,CALAC 009087,1/7/2025 12:00:00 AM,Fire,,,,Single Residence,0.0,0.0,0.0,0.0,Asphalt,No Eaves,No Vents,Stucco Brick Cement,Single Pane,Unknown,Unknown,Unknown,Combustible,,,,5854010006,1939.0,"1722 COOLIDGE AVE, ALTADENA, CA 91001",34.1758353,-118.1000804,175122.190461973,-424906.826076344
294205,91c51855-bc08-45b1-91a3-63cd49c24220,Inaccessible,Single Family Residence Single Story,999.0,Rose,Avenue,blding A,Pasadena,CA,91107.0,LAC,Los Angeles,,,Eaton,CALAC 009087,1/7/2025 12:00:00 AM,Fire,,,,Single Residence,0.0,0.0,0.0,0.0,Unknown,Unknown,Unknown,Unknown,Unknown,Unknown,Unknown,Unknown,Unknown,,,,5751013016,1916.0,"999 ROSE AVE, PASADENA, CA 91107",34.1634524,-118.094279,175684.456966206,-426269.608746059
294236,81f19278-0478-4306-8f43-4cfd840b5b0a,Inaccessible,Single Family Residence Single Story,581.0,Sierra Meadows,Drive,,Sierra Madre,CA,91024.0,LAC,Los Angeles,,,Eaton,CALAC 009087,1/7/2025 12:00:00 AM,Fire,,,,Single Residence,0.0,0.0,0.0,0.0,Unknown,Unknown,Unknown,Unknown,Unknown,Unknown,Unknown,Unknown,Unknown,,,,5761008031,1933.0,"581 SIERRA MEADOWS DR, SIERRA MADRE, CA 91024",34.1719112,-118.0585811,178955.678003862,-425264.591820786
294240,2f417b11-2e1e-4885-a08f-a932f2735df1,Inaccessible,Single Family Residence Single Story,95.0,W Carter,Avenue,blding A,Sierra Madre,CA,91024.0,LAC,Los Angeles,,,Eaton,CALAC 009087,1/7/2025 12:00:00 AM,Fire,,,,Single Residence,0.0,0.0,0.0,0.0,Unknown,Unknown,Unknown,Unknown,Unknown,Unknown,Unknown,Unknown,Unknown,,<30',,5762008002,1948.0,"95 W CARTER AVE, SIERRA MADRE, CA 91024",34.1708427,-118.0545986,179325.156668604,-425375.580109499
294320,8037fc65-8240-4f7d-94a4-2e63eec9e5f2,Inaccessible,Single Family Residence Single Story,2422.0,Galbreth ,Road,,Pasadena,CA,91104.0,LAC,Los Angeles,,,Eaton,CALAC 009087,1/7/2025 12:00:00 AM,Fire,,,,Single Residence,0.0,0.0,0.0,0.0,Asphalt,Unenclosed,Unknown,Wood,Multi Pane,Masonry/Concrete,Unknown,Unknown,Combustible,,,,5743007025,2020.0,"2422 GALBRETH RD, PASADENA, CA 91104",34.1678045,-118.1005492,175096.83343843,-425798.471163198
294361,f205bed7-b752-465a-8ff4-c318190d729d,Inaccessible,Single Family Residence Multi Story,249.0,Auburn ,Avenue,blding A,Sierra Madre,CA,91024.0,LAC,Los Angeles,,,Eaton,CALAC 009087,1/7/2025 12:00:00 AM,Fire,,,,Single Residence,0.0,0.0,0.0,0.0,Unknown,Unknown,Unknown,Unknown,Unknown,Unknown,Unknown,Unknown,Unknown,,,,5767001007,1946.0,"249 AUBURN AVE, SIERRA MADRE, CA 91024",34.1660986,-118.0553088,179270.494294339,-425903.140824987
294365,e9b44f90-c74d-4806-a889-e6935581bae0,Inaccessible,Single Family Residence Single Story,2065.0,Canyon Close,Road,,Pasadena,CA,91107.0,LAC,Los Angeles,,,Eaton,CALAC 009087,1/7/2025 12:00:00 AM,Fire,,,,Single Residence,0.0,0.0,0.0,0.0,Unknown,Unknown,Unknown,Unknown,Unknown,Unknown,Unknown,Unknown,Unknown,,,,5857018029,1958.0,"2065 CANYON CLOSE RD, PASADENA, CA 91107",34.1813133,-118.0987141,175235.92166895,-424296.672967147
294395,aae83b11-b332-493c-9ea7-a294d5b44423,Inaccessible,Utility Misc Structure,95.0,W Carter,Avenue,blding B,Sierra Madre,CA,91024.0,LAC,Los Angeles,,,Eaton,CALAC 009087,1/7/2025 12:00:00 AM,Fire,,,,Other Minor Structure,0.0,0.0,0.0,0.0,Unknown,Unknown,Unknown,Unknown,Unknown,Unknown,Unknown,Unknown,Unknown,,<30',,5762008002,1948.0,"95 W CARTER AVE, SIERRA MADRE, CA 91024",34.170981,-118.0547171,179313.925059524,-425360.469263565
294484,0b1542dc-bcf0-42eb-ae07-7fb9ecf9a212,Inaccessible,Utility Misc Structure,999.0,Rose,Avenue,blding B,Pasadena,CA,91107.0,LAC,Los Angeles,,,Eaton,CALAC 009087,1/7/2025 12:00:00 AM,Fire,,,,Other Minor Structure,0.0,0.0,0.0,0.0,Unknown,Unknown,Unknown,Unknown,Unknown,Unknown,Unknown,Unknown,Unknown,,,,5751013016,1916.0,"999 ROSE AVE, PASADENA, CA 91107",34.1634954,-118.0944056,175672.696986366,-426265.072944168
294567,b6a233d7-7229-4df6-a5d1-57179e2da226,Inaccessible,Single Family Residence Single Story,1955.0,Canyon Close,Road,,Pasadena,CA,91107.0,LAC,Los Angeles,,,Eaton,CALAC 009087,1/7/2025 12:00:00 AM,Fire,,,,Single Residence,0.0,0.0,0.0,0.0,Unknown,Unknown,Unknown,Unknown,Unknown,Unknown,Unknown,Unknown,Unknown,,,,5857018023,1955.0,"1955 CANYON CLOSE RD, PASADENA, CA 91107",34.1798752,-118.0987855,175232.541533666,-424456.316721071
